ablation_config,bytes_mean_kb,bytes_ci_lower_kb,bytes_ci_upper_kb,hit_rate_mean_percent,hit_rate_ci_lower_percent,hit_rate_ci_upper_percent
Full AcornScheduler,163840.0,163840.0,163840.0,68.0,45.78843915841761,90.21156084158238
No Deadline (alpha=0),163840.0,163840.0,163840.0,88.0,65.78843915841762,110.21156084158238
No Reuse (beta=0),163840.0,163840.0,163840.0,60.0,29.585567724167234,90.41443227583277
No Size (gamma=0),159027.2,145664.72499770403,172389.675002296,52.0,10.445974652657213,93.55402534734279
No Network (delta=0),163840.0,163840.0,163840.0,72.0,58.39825238683486,85.60174761316514
