ablation_config,bytes_mean_kb,bytes_ci_lower_kb,bytes_ci_upper_kb,hit_rate_mean_percent,hit_rate_ci_lower_percent,hit_rate_ci_upper_percent
Full AcornScheduler,163840.0,163840.0,163840.0,68.0,55.93516179811147,80.06483820188853
No Deadline (alpha=0),163840.0,163840.0,163840.0,84.0,72.71437725541784,95.28562274458216
No Reuse (beta=0),163840.0,163840.0,163840.0,70.0,62.45947612381967,77.54052387618033
No Size (gamma=0),163840.0,163840.0,163840.0,70.0,59.88332561614034,80.11667438385966
No Network (delta=0),163840.0,163840.0,163840.0,70.0,62.45947612381967,77.54052387618033
