ablation_config,bytes_mean_(KB),bytes_ci_lower_(KB),bytes_ci_upper_(KB),hit_rate_mean_(%),hit_rate_ci_lower_(%),hit_rate_ci_upper_(%)
Full AcornScheduler,148373.504,148373.504,148373.504,64.0,52.89421957920881,75.10578042079119
No Deadline (alpha=0),148373.504,148373.504,148373.504,64.0,52.89421957920881,75.10578042079119
No Reuse (beta=0),148373.504,148373.504,148373.504,68.0,45.78843915841761,90.21156084158238
No Size (gamma=0),142186.9056,125010.15475449545,159363.65644550452,68.0,34.68265873762641,101.31734126237359
No Network (delta=0),148373.504,148373.504,148373.504,72.0,58.39825238683486,85.60174761316514
