ablation_config,bytes_mean_(KB),bytes_ci_lower_(KB),bytes_ci_upper_(KB),hit_rate_mean_(%),hit_rate_ci_lower_(%),hit_rate_ci_upper_(%)
Full AcornScheduler,148373.504,148373.504,148373.504,72.0,58.39825238683486,85.60174761316514
No Deadline (alpha=0),148373.504,148373.504,148373.504,88.0,65.78843915841762,110.21156084158238
No Reuse (beta=0),148373.504,148373.504,148373.504,72.0,58.39825238683486,85.60174761316514
No Size (gamma=0),148373.504,148373.504,148373.504,64.0,43.22298732632861,84.7770126736714
No Network (delta=0),148373.504,148373.504,148373.504,76.0,64.89421957920881,87.10578042079119
