scenario,scheduler,bytes_mean_(KB),bytes_ci_lower_(KB),bytes_ci_upper_(KB),hit_rate_mean_(%),hit_rate_ci_lower_(%),hit_rate_ci_upper_(%)
nightly_wifi,DeadlineFIFO_Downloader,153616.384,153616.384,153616.384,100.0,100.0,100.0
nightly_wifi,AcornScheduler,148373.504,148373.504,148373.504,80.0,80.0,80.0
spotty_cellular,DeadlineFIFO_Downloader,153616.384,153616.384,153616.384,91.33333333333333,87.56934769836357,95.09731896830309
spotty_cellular,AcornScheduler,148373.504,148373.504,148373.504,70.66666666666667,66.8772197337414,74.45611359959194
