ablation_config,bytes_mean_(KB),bytes_ci_lower_(KB),bytes_ci_upper_(KB),hit_rate_mean_(%),hit_rate_ci_lower_(%),hit_rate_ci_upper_(%)
Full AcornScheduler,148373.504,148373.504,148373.504,71.33333333333333,65.89704750235414,76.76961916431252
No Deadline (alpha=0),148373.504,148373.504,148373.504,72.0,66.9615214568139,77.0384785431861
No Reuse (beta=0),148373.504,148373.504,148373.504,72.66666666666667,69.00629686684229,76.32703646649105
No Size (gamma=0),148373.504,148373.504,148373.504,51.333333333333336,43.08607663333173,59.58059003333494
No Network (delta=0),148373.504,148373.504,148373.504,71.33333333333333,67.08904401659015,75.5776226500765
