ablation_config,bytes_mean_(KB),bytes_ci_lower_(KB),bytes_ci_upper_(KB),hit_rate_mean_(%),hit_rate_ci_lower_(%),hit_rate_ci_upper_(%)
Full AcornScheduler,148373.504,148373.504,148373.504,76.0,64.89421957920881,87.10578042079119
No Deadline (alpha=0),134846.8736,97290.92683610025,172402.82036389975,72.0,30.445974652657213,113.55402534734279
No Reuse (beta=0),148085.1456,147284.53433177734,148885.75686822264,72.0,58.39825238683486,85.60174761316514
No Size (gamma=0),148373.504,148373.504,148373.504,64.0,52.89421957920881,75.10578042079119
No Network (delta=0),148373.504,148373.504,148373.504,64.0,43.22298732632861,84.7770126736714
